player_season_team;season;rank;mvp_votes_share;mvp_candidate;mvp_podium;mvp_winner
KareemAbdul-Jabbar_1980_LAL;1980;1;0.665;True;True;True
TinyArchibald_1980_BOS;1980;5;0.009;True;False;False
LarryBird_1980_BOS;1980;4;0.068;True;True;False
JuliusErving_1980_PHI;1980;2;0.143;True;True;False
GeorgeGervin_1980_SAS;1980;3;0.086;True;True;False
DennisJohnson_1980_SEA;1980;6;0.009;True;False;False
MosesMalone_1980_HOU;1980;9;0.005;True;False;False
DanRoundfield_1980_ATL;1980;7;0.009;True;False;False
GusWilliams_1980_SEA;1980;8;0.007;True;False;False
KareemAbdul-Jabbar_1981_LAL;1981;3;0.414;True;True;False
TinyArchibald_1981_BOS;1981;9;0.046;True;False;False
LarryBird_1981_BOS;1981;2;0.613;True;True;False
OtisBirdsong_1981_KCK;1981;17;0.01;True;False;False
QuinnBuckner_1981_MIL;1981;30;0.001;True;False;False
MichaelCooper_1981_LAL;1981;24;0.004;True;False;False
AdrianDantley_1981_UTA;1981;12;0.022;True;False;False
WalterDavis_1981_PHO;1981;25;0.004;True;False;False
JuliusErving_1981_PHI;1981;1;0.658;True;True;True
PhilFord_1981_KCK;1981;13;0.022;True;False;False
GeorgeGervin_1981_SAS;1981;5;0.12;True;False;False
ArtisGilmore_1981_CHI;1981;22;0.006;True;False;False
DennisJohnson_1981_PHO;1981;8;0.072;True;False;False
GeorgeJohnson_1981_SAS;1981;26;0.004;True;False;False
GeorgeJohnson_1981_IND;1981;26;0.004;True;False;False
MagicJohnson_1981_LAL;1981;11;0.026;True;False;False
MarquesJohnson_1981_MIL;1981;6;0.106;True;False;False
BobbyJones_1981_PHI;1981;27;0.004;True;False;False
CaldwellJones_1981_PHI;1981;31;0.001;True;False;False
BernardKing_1981_GSW;1981;14;0.017;True;False;False
BobLanier_1981_MIL;1981;23;0.006;True;False;False
MosesMalone_1981_HOU;1981;4;0.261;True;True;False
MikeMitchell_1981_CLE;1981;28;0.004;True;False;False
NormNixon_1981_LAL;1981;21;0.007;True;False;False
RobertParish_1981_BOS;1981;7;0.077;True;False;False
KelvinRansey_1981_POR;1981;15;0.016;True;False;False
MichealRayRichardson_1981_NYK;1981;18;0.01;True;False;False
TruckRobinson_1981_PHO;1981;19;0.009;True;False;False
JackSikma_1981_SEA;1981;16;0.016;True;False;False
JamesSilas_1981_SAS;1981;29;0.004;True;False;False
ReggieTheus_1981_CHI;1981;20;0.009;True;False;False
JamaalWilkes_1981_LAL;1981;10;0.028;True;False;False
KareemAbdul-Jabbar_1982_LAL;1982;10;0.045;True;False;False
LarryBird_1982_BOS;1982;2;0.588;True;True;False
MichaelCooper_1982_LAL;1982;17;0.004;True;False;False
AdrianDantley_1982_UTA;1982;15;0.01;True;False;False
AlexEnglish_1982_DEN;1982;13;0.017;True;False;False
JuliusErving_1982_PHI;1982;3;0.294;True;True;False
GeorgeGervin_1982_SAS;1982;6;0.159;True;False;False
DanIssel_1982_DEN;1982;18;0.004;True;False;False
DennisJohnson_1982_PHO;1982;21;0.001;True;False;False
MagicJohnson_1982_LAL;1982;8;0.097;True;False;False
MarquesJohnson_1982_MIL;1982;19;0.004;True;False;False
BernardKing_1982_GSW;1982;14;0.014;True;False;False
MosesMalone_1982_HOU;1982;1;0.735;True;True;True
SidneyMoncrief_1982_MIL;1982;7;0.146;True;False;False
RobertParish_1982_BOS;1982;4;0.19;True;True;False
DanRoundfield_1982_ATL;1982;11;0.02;True;False;False
JackSikma_1982_SEA;1982;9;0.048;True;False;False
IsiahThomas_1982_DET;1982;20;0.004;True;False;False
MychalThompson_1982_POR;1982;22;0.001;True;False;False
KellyTripucka_1982_DET;1982;12;0.02;True;False;False
JayVincent_1982_DAL;1982;23;0.001;True;False;False
JamaalWilkes_1982_LAL;1982;24;0.001;True;False;False
BuckWilliams_1982_NJN;1982;25;0.001;True;False;False
GusWilliams_1982_SEA;1982;5;0.167;True;False;False
RayWilliams_1982_NJN;1982;16;0.009;True;False;False
KareemAbdul-Jabbar_1983_LAL;1983;10;0.02;True;False;False
LarryBird_1983_BOS;1983;2;0.485;True;True;False
TerryCummings_1983_SDC;1983;13;0.013;True;False;False
LarryDrew_1983_KCK;1983;18;0.004;True;False;False
AlexEnglish_1983_DEN;1983;6;0.056;True;False;False
JuliusErving_1983_PHI;1983;5;0.149;True;False;False
GeorgeGervin_1983_SAS;1983;9;0.04;True;False;False
ArtisGilmore_1983_SAS;1983;8;0.044;True;False;False
MagicJohnson_1983_LAL;1983;3;0.406;True;True;False
MarquesJohnson_1983_MIL;1983;21;0.002;True;False;False
BernardKing_1983_NYK;1983;16;0.005;True;False;False
AltonLister_1983_MIL;1983;15;0.007;True;False;False
MauriceLucas_1983_PHO;1983;14;0.012;True;False;False
MosesMalone_1983_PHI;1983;1;0.96;True;True;True
SidneyMoncrief_1983_MIL;1983;4;0.301;True;True;False
NormNixon_1983_LAL;1983;22;0.001;True;False;False
DanRoundfield_1983_ATL;1983;20;0.003;True;False;False
JeffRuland_1983_WSB;1983;12;0.016;True;False;False
JackSikma_1983_SEA;1983;11;0.017;True;False;False
IsiahThomas_1983_DET;1983;17;0.005;True;False;False
KikiVandeweghe_1983_DEN;1983;23;0.001;True;False;False
BuckWilliams_1983_NJN;1983;7;0.053;True;False;False
GusWilliams_1983_SEA;1983;19;0.004;True;False;False
KareemAbdul-Jabbar_1984_LAL;1984;4;0.201;True;True;False
MarkAguirre_1984_DAL;1984;11;0.037;True;False;False
LarryBird_1984_BOS;1984;1;0.858;True;True;True
AdrianDantley_1984_UTA;1984;7;0.116;True;False;False
JuliusErving_1984_PHI;1984;6;0.129;True;False;False
WorldB.Free_1984_CLE;1984;14;0.001;True;False;False
RickeyGreen_1984_UTA;1984;13;0.011;True;False;False
MagicJohnson_1984_LAL;1984;3;0.401;True;True;False
MarquesJohnson_1984_MIL;1984;15;0.001;True;False;False
BernardKing_1984_NYK;1984;2;0.491;True;True;False
BillLaimbeer_1984_DET;1984;12;0.012;True;False;False
MosesMalone_1984_PHI;1984;10;0.046;True;False;False
SidneyMoncrief_1984_MIL;1984;8;0.092;True;False;False
JeffRuland_1984_WSB;1984;9;0.05;True;False;False
IsiahThomas_1984_DET;1984;5;0.151;True;False;False
KareemAbdul-Jabbar_1985_LAL;1985;4;0.264;True;True;False
LarryBird_1985_BOS;1985;1;0.978;True;True;True
TerryCummings_1985_MIL;1985;5;0.177;True;False;False
ClydeDrexler_1985_POR;1985;22;0.001;True;False;False
MarkEaton_1985_UTA;1985;16;0.005;True;False;False
AlexEnglish_1985_DEN;1985;12;0.015;True;False;False
JuliusErving_1985_PHI;1985;23;0.001;True;False;False
WorldB.Free_1985_CLE;1985;20;0.003;True;False;False
MagicJohnson_1985_LAL;1985;2;0.338;True;True;False
MichaelJordan_1985_CHI;1985;6;0.172;True;False;False
BernardKing_1985_NYK;1985;7;0.09;True;False;False
MosesMalone_1985_PHI;1985;3;0.279;True;True;False
SidneyMoncrief_1985_MIL;1985;8;0.083;True;False;False
CalvinNatt_1985_DEN;1985;11;0.028;True;False;False
HakeemOlajuwon_1985_HOU;1985;13;0.015;True;False;False
PaulPressey_1985_MIL;1985;17;0.004;True;False;False
MichealRayRichardson_1985_NJN;1985;14;0.014;True;False;False
RalphSampson_1985_HOU;1985;10;0.033;True;False;False
PurvisShort_1985_GSW;1985;21;0.003;True;False;False
JackSikma_1985_SEA;1985;18;0.004;True;False;False
IsiahThomas_1985_DET;1985;9;0.081;True;False;False
AndrewToney_1985_PHI;1985;15;0.006;True;False;False
DominiqueWilkins_1985_ATL;1985;19;0.004;True;False;False
KareemAbdul-Jabbar_1986_LAL;1986;5;0.173;True;False;False
CharlesBarkley_1986_PHI;1986;6;0.171;True;False;False
LarryBird_1986_BOS;1986;1;0.981;True;True;True
TerryCummings_1986_MIL;1986;11;0.012;True;False;False
AdrianDantley_1986_UTA;1986;16;0.003;True;False;False
AlexEnglish_1986_DEN;1986;8;0.071;True;False;False
DennisJohnson_1986_BOS;1986;18;0.001;True;False;False
MagicJohnson_1986_LAL;1986;3;0.263;True;True;False
MosesMalone_1986_PHI;1986;10;0.027;True;False;False
KevinMcHale_1986_BOS;1986;13;0.004;True;False;False
SidneyMoncrief_1986_MIL;1986;7;0.072;True;False;False
HakeemOlajuwon_1986_HOU;1986;4;0.247;True;True;False
PaulPressey_1986_MIL;1986;14;0.004;True;False;False
AlvinRobertson_1986_SAS;1986;15;0.004;True;False;False
IsiahThomas_1986_DET;1986;9;0.036;True;False;False
DominiqueWilkins_1986_ATL;1986;2;0.522;True;True;False
BuckWilliams_1986_NJN;1986;17;0.003;True;False;False
JamesWorthy_1986_LAL;1986;12;0.009;True;False;False
MarkAguirre_1987_DAL;1987;15;0.001;True;False;False
CharlesBarkley_1987_PHI;1987;6;0.145;True;False;False
LarryBird_1987_BOS;1987;3;0.347;True;True;False
RolandoBlackman_1987_DAL;1987;16;0.001;True;False;False
JoeBarryCarroll_1987_GSW;1987;17;0.001;True;False;False
AlexEnglish_1987_DEN;1987;14;0.003;True;False;False
MagicJohnson_1987_LAL;1987;1;0.94;True;True;True
SteveJohnson_1987_POR;1987;11;0.005;True;False;False
MichaelJordan_1987_CHI;1987;2;0.576;True;True;False
FatLever_1987_DEN;1987;9;0.014;True;False;False
KarlMalone_1987_UTA;1987;12;0.004;True;False;False
MosesMalone_1987_WSB;1987;10;0.012;True;False;False
KevinMcHale_1987_BOS;1987;4;0.326;True;True;False
HakeemOlajuwon_1987_HOU;1987;7;0.036;True;False;False
RobertParish_1987_BOS;1987;13;0.004;True;False;False
IsiahThomas_1987_DET;1987;8;0.022;True;False;False
DominiqueWilkins_1987_ATL;1987;5;0.164;True;False;False
MichaelAdams_1988_DEN;1988;14;0.001;True;False;False
MarkAguirre_1988_DAL;1988;15;0.001;True;False;False
CharlesBarkley_1988_PHI;1988;4;0.136;True;True;False
LarryBird_1988_BOS;1988;2;0.659;True;True;False
AdrianDantley_1988_DET;1988;16;0.001;True;False;False
ClydeDrexler_1988_POR;1988;5;0.108;True;False;False
AlexEnglish_1988_DEN;1988;11;0.005;True;False;False
MarkJackson_1988_NYK;1988;13;0.003;True;False;False
MagicJohnson_1988_LAL;1988;3;0.635;True;True;False
MichaelJordan_1988_CHI;1988;1;0.831;True;True;True
FatLever_1988_DEN;1988;9;0.033;True;False;False
KarlMalone_1988_UTA;1988;8;0.045;True;False;False
HakeemOlajuwon_1988_HOU;1988;7;0.05;True;False;False
JohnStockton_1988_UTA;1988;10;0.019;True;False;False
IsiahThomas_1988_DET;1988;12;0.004;True;False;False
DominiqueWilkins_1988_ATL;1988;6;0.069;True;False;False
BuckWilliams_1988_NJN;1988;17;0.001;True;False;False
CharlesBarkley_1989_PHI;1989;6;0.111;True;False;False
TomChambers_1989_PHO;1989;9;0.024;True;False;False
TerryCummings_1989_MIL;1989;17;0.001;True;False;False
BradDaugherty_1989_CLE;1989;11;0.005;True;False;False
JoeDumars_1989_DET;1989;18;0.001;True;False;False
MarkEaton_1989_UTA;1989;13;0.004;True;False;False
PatrickEwing_1989_NYK;1989;4;0.235;True;True;False
KevinJohnson_1989_PHO;1989;8;0.026;True;False;False
MagicJohnson_1989_LAL;1989;1;0.782;True;True;True
MichaelJordan_1989_CHI;1989;2;0.704;True;True;False
KarlMalone_1989_UTA;1989;3;0.426;True;True;False
MosesMalone_1989_ATL;1989;14;0.004;True;False;False
ChrisMullin_1989_GSW;1989;15;0.004;True;False;False
LarryNance_1989_CLE;1989;16;0.004;True;False;False
HakeemOlajuwon_1989_HOU;1989;5;0.211;True;False;False
RobertParish_1989_BOS;1989;12;0.005;True;False;False
MarkPrice_1989_CLE;1989;10;0.021;True;False;False
JohnStockton_1989_UTA;1989;7;0.033;True;False;False
IsiahThomas_1989_DET;1989;19;0.001;True;False;False
CharlesBarkley_1990_PHI;1990;2;0.667;True;True;False
LarryBird_1990_BOS;1990;10;0.005;True;False;False
TomChambers_1990_PHO;1990;8;0.013;True;False;False
ClydeDrexler_1990_POR;1990;12;0.003;True;False;False
JoeDumars_1990_DET;1990;13;0.001;True;False;False
PatrickEwing_1990_NYK;1990;5;0.176;True;False;False
MagicJohnson_1990_LAL;1990;1;0.691;True;True;True
MichaelJordan_1990_CHI;1990;3;0.613;True;True;False
KarlMalone_1990_UTA;1990;4;0.233;True;True;False
HakeemOlajuwon_1990_HOU;1990;7;0.07;True;False;False
DavidRobinson_1990_SAS;1990;6;0.111;True;False;False
JohnStockton_1990_UTA;1990;9;0.01;True;False;False
IsiahThomas_1990_DET;1990;14;0.001;True;False;False
BuckWilliams_1990_POR;1990;11;0.005;True;False;False
CharlesBarkley_1991_PHI;1991;4;0.231;True;True;False
LarryBird_1991_BOS;1991;9;0.026;True;False;False
ClydeDrexler_1991_POR;1991;6;0.078;True;False;False
JoeDumars_1991_DET;1991;15;0.008;True;False;False
PatrickEwing_1991_NYK;1991;11;0.021;True;False;False
TimHardaway_1991_GSW;1991;19;0.001;True;False;False
KevinJohnson_1991_PHO;1991;7;0.033;True;False;False
MagicJohnson_1991_LAL;1991;2;0.518;True;True;False
MichaelJordan_1991_CHI;1991;1;0.928;True;True;True
BernardKing_1991_WSB;1991;16;0.007;True;False;False
KarlMalone_1991_UTA;1991;5;0.148;True;False;False
KevinMcHale_1991_BOS;1991;20;0.001;True;False;False
HakeemOlajuwon_1991_HOU;1991;18;0.004;True;False;False
RobertParish_1991_BOS;1991;14;0.01;True;False;False
TerryPorter_1991_POR;1991;10;0.026;True;False;False
DavidRobinson_1991_SAS;1991;3;0.496;True;True;False
KennySmith_1991_HOU;1991;17;0.005;True;False;False
JohnStockton_1991_UTA;1991;12;0.016;True;False;False
IsiahThomas_1991_DET;1991;13;0.011;True;False;False
DominiqueWilkins_1991_ATL;1991;8;0.03;True;False;False
CharlesBarkley_1992_PHI;1992;12;0.019;True;False;False
LarryBird_1992_BOS;1992;14;0.003;True;False;False
BradDaugherty_1992_CLE;1992;11;0.025;True;False;False
ClydeDrexler_1992_POR;1992;2;0.584;True;True;False
PatrickEwing_1992_NYK;1992;5;0.104;True;False;False
TimHardaway_1992_GSW;1992;8;0.067;True;False;False
KevinJohnson_1992_PHO;1992;15;0.002;True;False;False
MichaelJordan_1992_CHI;1992;1;0.938;True;True;True
KarlMalone_1992_UTA;1992;4;0.273;True;True;False
DannyManning_1992_LAC;1992;16;0.001;True;False;False
ChrisMullin_1992_GSW;1992;6;0.084;True;False;False
ScottiePippen_1992_CHI;1992;9;0.033;True;False;False
MarkPrice_1992_CLE;1992;7;0.069;True;False;False
DavidRobinson_1992_SAS;1992;3;0.351;True;True;False
DennisRodman_1992_DET;1992;10;0.027;True;False;False
DetlefSchrempf_1992_IND;1992;17;0.001;True;False;False
JohnStockton_1992_UTA;1992;13;0.019;True;False;False
CharlesBarkley_1993_PHO;1993;1;0.852;True;True;True
BradDaugherty_1993_CLE;1993;10;0.001;True;False;False
ClydeDrexler_1993_POR;1993;11;0.001;True;False;False
JoeDumars_1993_DET;1993;12;0.001;True;False;False
PatrickEwing_1993_NYK;1993;4;0.366;True;True;False
MichaelJordan_1993_CHI;1993;3;0.577;True;True;False
ShawnKemp_1993_SEA;1993;13;0.001;True;False;False
KarlMalone_1993_UTA;1993;8;0.01;True;False;False
ShaquilleO'Neal_1993_ORL;1993;7;0.031;True;False;False
HakeemOlajuwon_1993_HOU;1993;2;0.66;True;True;False
MarkPrice_1993_CLE;1993;9;0.01;True;False;False
DavidRobinson_1993_SAS;1993;6;0.034;True;False;False
JohnStockton_1993_UTA;1993;14;0.001;True;False;False
DominiqueWilkins_1993_ATL;1993;5;0.055;True;False;False
CharlesBarkley_1994_PHO;1994;10;0.005;True;False;False
MookieBlaylock_1994_ATL;1994;11;0.001;True;False;False
PatrickEwing_1994_NYK;1994;5;0.252;True;False;False
KevinJohnson_1994_PHO;1994;12;0.001;True;False;False
ShawnKemp_1994_SEA;1994;7;0.017;True;False;False
KarlMalone_1994_UTA;1994;8;0.017;True;False;False
ShaquilleO'Neal_1994_ORL;1994;4;0.286;True;True;False
HakeemOlajuwon_1994_HOU;1994;1;0.88;True;True;True
GaryPayton_1994_SEA;1994;6;0.02;True;False;False
ScottiePippen_1994_CHI;1994;3;0.386;True;True;False
MarkPrice_1994_CLE;1994;9;0.007;True;False;False
DavidRobinson_1994_SAS;1994;2;0.723;True;True;False
DennisRodman_1994_SAS;1994;13;0.001;True;False;False
LatrellSprewell_1994_GSW;1994;14;0.001;True;False;False
JohnStockton_1994_UTA;1994;15;0.001;True;False;False
DominiqueWilkins_1994_ATL;1994;16;0.001;True;False;False
DominiqueWilkins_1994_LAC;1994;16;0.001;True;False;False
KevinWillis_1994_ATL;1994;17;0.001;True;False;False
CharlesBarkley_1995_PHO;1995;6;0.091;True;False;False
CedricCeballos_1995_LAL;1995;15;0.001;True;False;False
ClydeDrexler_1995_POR;1995;14;0.003;True;False;False
ClydeDrexler_1995_HOU;1995;14;0.003;True;False;False
PatrickEwing_1995_NYK;1995;4;0.219;True;True;False
AnferneeHardaway_1995_ORL;1995;10;0.022;True;False;False
MichaelJordan_1995_CHI;1995;11;0.011;True;False;False
JasonKidd_1995_DAL;1995;13;0.007;True;False;False
KarlMalone_1995_UTA;1995;3;0.507;True;True;False
ShaquilleO'Neal_1995_ORL;1995;2;0.576;True;True;False
HakeemOlajuwon_1995_HOU;1995;5;0.14;True;False;False
GaryPayton_1995_SEA;1995;9;0.032;True;False;False
ScottiePippen_1995_CHI;1995;7;0.079;True;False;False
DavidRobinson_1995_SAS;1995;1;0.858;True;True;True
DennisRodman_1995_SAS;1995;12;0.009;True;False;False
JohnStockton_1995_UTA;1995;8;0.045;True;False;False
CharlesBarkley_1996_PHO;1996;12;0.007;True;False;False
TerrellBrandon_1996_CLE;1996;16;0.003;True;False;False
AnferneeHardaway_1996_ORL;1996;3;0.319;True;True;False
GrantHill_1996_DET;1996;9;0.056;True;False;False
MagicJohnson_1996_LAL;1996;13;0.007;True;False;False
MichaelJordan_1996_CHI;1996;1;0.986;True;True;True
ShawnKemp_1996_SEA;1996;8;0.065;True;False;False
KarlMalone_1996_UTA;1996;7;0.075;True;False;False
AlonzoMourning_1996_MIA;1996;14;0.005;True;False;False
ShaquilleO'Neal_1996_ORL;1996;10;0.056;True;False;False
HakeemOlajuwon_1996_HOU;1996;4;0.211;True;True;False
GaryPayton_1996_SEA;1996;6;0.087;True;False;False
ScottiePippen_1996_CHI;1996;5;0.2;True;False;False
MitchRichmond_1996_SAC;1996;17;0.003;True;False;False
DavidRobinson_1996_SAS;1996;2;0.508;True;True;False
DennisRodman_1996_CHI;1996;15;0.004;True;False;False
JohnStockton_1996_UTA;1996;11;0.011;True;False;False
CharlesBarkley_1997_HOU;1997;16;0.002;True;False;False
PatrickEwing_1997_NYK;1997;8;0.05;True;False;False
TomGugliotta_1997_MIN;1997;17;0.001;True;False;False
TimHardaway_1997_MIA;1997;4;0.207;True;True;False
GrantHill_1997_DET;1997;3;0.327;True;True;False
AllenIverson_1997_PHI;1997;18;0.001;True;False;False
KevinJohnson_1997_PHO;1997;19;0.001;True;False;False
MichaelJordan_1997_CHI;1997;2;0.832;True;True;False
KarlMalone_1997_UTA;1997;1;0.857;True;True;True
AnthonyMason_1997_CHH;1997;9;0.006;True;False;False
AlonzoMourning_1997_MIA;1997;12;0.004;True;False;False
DikembeMutombo_1997_ATL;1997;13;0.003;True;False;False
ShaquilleO'Neal_1997_LAL;1997;10;0.006;True;False;False
HakeemOlajuwon_1997_HOU;1997;7;0.083;True;False;False
GaryPayton_1997_SEA;1997;6;0.091;True;False;False
ScottiePippen_1997_CHI;1997;11;0.005;True;False;False
GlenRice_1997_CHH;1997;5;0.117;True;False;False
MitchRichmond_1997_SAC;1997;14;0.003;True;False;False
SteveSmith_1997_ATL;1997;20;0.001;True;False;False
JohnStockton_1997_UTA;1997;15;0.003;True;False;False
VinBaker_1998_SEA;1998;8;0.021;True;False;False
TimDuncan_1998_SAS;1998;5;0.128;True;False;False
MichaelFinley_1998_DAL;1998;18;0.001;True;False;False
TimHardaway_1998_MIA;1998;6;0.061;True;False;False
GrantHill_1998_DET;1998;9;0.02;True;False;False
MichaelJordan_1998_CHI;1998;1;0.934;True;True;True
JasonKidd_1998_PHO;1998;13;0.004;True;False;False
KarlMalone_1998_UTA;1998;2;0.726;True;True;False
ReggieMiller_1998_IND;1998;16;0.002;True;False;False
ShaquilleO'Neal_1998_LAL;1998;4;0.268;True;True;False
GaryPayton_1998_SEA;1998;3;0.372;True;True;False
ScottiePippen_1998_CHI;1998;10;0.012;True;False;False
GlenRice_1998_CHH;1998;11;0.006;True;False;False
MitchRichmond_1998_SAC;1998;15;0.003;True;False;False
DavidRobinson_1998_SAS;1998;7;0.031;True;False;False
RikSmits_1998_IND;1998;17;0.002;True;False;False
JohnStockton_1998_UTA;1998;14;0.004;True;False;False
RodStrickland_1998_WAS;1998;19;0.001;True;False;False
AntoineWalker_1998_BOS;1998;12;0.005;True;False;False
DarrellArmstrong_1999_ORL;1999;15;0.002;True;False;False
VinceCarter_1999_TOR;1999;16;0.001;True;False;False
TimDuncan_1999_SAS;1999;3;0.627;True;True;False
KevinGarnett_1999_MIN;1999;10;0.008;True;False;False
AnferneeHardaway_1999_ORL;1999;17;0.001;True;False;False
GrantHill_1999_DET;1999;8;0.033;True;False;False
AllenIverson_1999_PHI;1999;4;0.27;True;True;False
MarkJackson_1999_IND;1999;18;0.001;True;False;False
ShawnKemp_1999_CLE;1999;11;0.006;True;False;False
JasonKidd_1999_PHO;1999;5;0.135;True;False;False
KarlMalone_1999_UTA;1999;1;0.701;True;True;True
AlonzoMourning_1999_MIA;1999;2;0.655;True;True;False
ShaquilleO'Neal_1999_LAL;1999;6;0.075;True;False;False
HakeemOlajuwon_1999_HOU;1999;13;0.003;True;False;False
GaryPayton_1999_SEA;1999;9;0.03;True;False;False
DavidRobinson_1999_SAS;1999;12;0.005;True;False;False
GlennRobinson_1999_MIL;1999;19;0.001;True;False;False
ArvydasSabonis_1999_POR;1999;14;0.003;True;False;False
SteveSmith_1999_ATL;1999;20;0.001;True;False;False
RasheedWallace_1999_POR;1999;21;0.001;True;False;False
ChrisWebber_1999_SAC;1999;7;0.043;True;False;False
DarrellArmstrong_2000_ORL;2000;13;0.001;True;False;False
DarrellArmstrong_2000_ORL;2000;13;0.001;True;False;False
KobeBryant_2000_LAL;2000;12;0.002;True;False;False
VinceCarter_2000_TOR;2000;10;0.042;True;False;False
TimDuncan_2000_SAS;2000;5;0.205;True;False;False
MichaelFinley_2000_DAL;2000;14;0.001;True;False;False
KevinGarnett_2000_MIN;2000;2;0.337;True;True;False
GrantHill_2000_DET;2000;8;0.093;True;False;False
AllenIverson_2000_PHI;2000;7;0.109;True;False;False
JasonKidd_2000_PHO;2000;11;0.021;True;False;False
KarlMalone_2000_UTA;2000;4;0.258;True;True;False
ReggieMiller_2000_IND;2000;15;0.001;True;False;False
AlonzoMourning_2000_MIA;2000;3;0.303;True;True;False
ShaquilleO'Neal_2000_LAL;2000;1;0.998;True;True;True
GaryPayton_2000_SEA;2000;6;0.149;True;False;False
JalenRose_2000_IND;2000;16;0.001;True;False;False
ChrisWebber_2000_SAC;2000;9;0.079;True;False;False
RayAllen_2001_MIL;2001;11;0.006;True;False;False
KobeBryant_2001_LAL;2001;9;0.009;True;False;False
VinceCarter_2001_TOR;2001;12;0.006;True;False;False
TimDuncan_2001_SAS;2001;2;0.569;True;True;False
MichaelFinley_2001_DAL;2001;15;0.001;True;False;False
KevinGarnett_2001_MIN;2001;5;0.122;True;False;False
AllenIverson_2001_PHI;2001;1;0.904;True;True;True
JasonKidd_2001_PHO;2001;8;0.015;True;False;False
KarlMalone_2001_UTA;2001;7;0.017;True;False;False
AnthonyMason_2001_MIA;2001;16;0.001;True;False;False
TracyMcGrady_2001_ORL;2001;6;0.052;True;False;False
ShaquilleO'Neal_2001_LAL;2001;3;0.466;True;True;False
PaulPierce_2001_BOS;2001;13;0.004;True;False;False
DavidRobinson_2001_SAS;2001;10;0.006;True;False;False
JerryStackhouse_2001_DET;2001;14;0.002;True;False;False
JohnStockton_2001_UTA;2001;17;0.001;True;False;False
ChrisWebber_2001_SAC;2001;4;0.42;True;True;False
MikeBibby_2002_SAC;2002;16;0.001;True;False;False
EltonBrand_2002_LAC;2002;17;0.001;True;False;False
KobeBryant_2002_LAL;2002;5;0.078;True;False;False
TimDuncan_2002_SAS;2002;1;0.757;True;True;True
KevinGarnett_2002_MIN;2002;12;0.013;True;False;False
AllenIverson_2002_PHI;2002;9;0.023;True;False;False
MichaelJordan_2002_WAS;2002;13;0.013;True;False;False
JasonKidd_2002_NJN;2002;2;0.712;True;True;False
TracyMcGrady_2002_ORL;2002;4;0.31;True;True;False
SteveNash_2002_DAL;2002;14;0.004;True;False;False
DirkNowitzki_2002_DAL;2002;8;0.025;True;False;False
ShaquilleO'Neal_2002_LAL;2002;3;0.552;True;True;False
GaryPayton_2002_SEA;2002;6;0.043;True;False;False
PaulPierce_2002_BOS;2002;11;0.017;True;False;False
JerryStackhouse_2002_DET;2002;15;0.002;True;False;False
PejaStojaković_2002_SAC;2002;18;0.001;True;False;False
BenWallace_2002_DET;2002;10;0.019;True;False;False
ChrisWebber_2002_SAC;2002;7;0.029;True;False;False
KobeBryant_2003_LAL;2003;3;0.417;True;True;False
TimDuncan_2003_SAS;2003;1;0.808;True;True;True
KevinGarnett_2003_MIN;2003;2;0.732;True;True;False
AllenIverson_2003_PHI;2003;6;0.07;True;False;False
JasonKidd_2003_NJN;2003;9;0.026;True;False;False
JamalMashburn_2003_NOH;2003;11;0.001;True;False;False
TracyMcGrady_2003_ORL;2003;4;0.359;True;True;False
SteveNash_2003_DAL;2003;12;0.001;True;False;False
DirkNowitzki_2003_DAL;2003;7;0.036;True;False;False
ShaquilleO'Neal_2003_LAL;2003;5;0.106;True;False;False
PaulPierce_2003_BOS;2003;13;0.001;True;False;False
BenWallace_2003_DET;2003;8;0.028;True;False;False
ChrisWebber_2003_SAC;2003;10;0.016;True;False;False
CarmeloAnthony_2004_DEN;2004;14;0.001;True;False;False
KobeBryant_2004_LAL;2004;5;0.172;True;False;False
SamCassell_2004_MIN;2004;10;0.003;True;False;False
BaronDavis_2004_NOH;2004;11;0.003;True;False;False
TimDuncan_2004_SAS;2004;2;0.582;True;True;False
KevinGarnett_2004_MIN;2004;1;0.991;True;True;True
LeBronJames_2004_CLE;2004;9;0.009;True;False;False
JasonKidd_2004_NJN;2004;8;0.014;True;False;False
AndreiKirilenko_2004_UTA;2004;13;0.002;True;False;False
YaoMing_2004_HOU;2004;15;0.001;True;False;False
DirkNowitzki_2004_DAL;2004;12;0.003;True;False;False
JermaineO'Neal_2004_IND;2004;3;0.425;True;True;False
ShaquilleO'Neal_2004_LAL;2004;6;0.145;True;False;False
MichaelRedd_2004_MIL;2004;16;0.001;True;False;False
PejaStojaković_2004_SAC;2004;4;0.228;True;True;False
BenWallace_2004_DET;2004;7;0.02;True;False;False
RayAllen_2005_SEA;2005;10;0.032;True;False;False
GilbertArenas_2005_WAS;2005;12;0.003;True;False;False
P.J.Brown_2005_NOH;2005;14;0.001;True;False;False
MarcusCamby_2005_DEN;2005;15;0.001;True;False;False
VinceCarter_2005_TOR;2005;13;0.002;True;False;False
VinceCarter_2005_NJN;2005;13;0.002;True;False;False
TimDuncan_2005_SAS;2005;4;0.258;True;True;False
KevinGarnett_2005_MIN;2005;11;0.012;True;False;False
AllenIverson_2005_PHI;2005;5;0.189;True;False;False
LeBronJames_2005_CLE;2005;6;0.073;True;False;False
ShawnMarion_2005_PHO;2005;16;0.001;True;False;False
TracyMcGrady_2005_HOU;2005;7;0.035;True;False;False
SteveNash_2005_PHO;2005;1;0.839;True;True;True
DirkNowitzki_2005_DAL;2005;3;0.275;True;True;False
ShaquilleO'Neal_2005_MIA;2005;2;0.813;True;True;False
Amar'eStoudemire_2005_PHO;2005;9;0.032;True;False;False
DwyaneWade_2005_MIA;2005;8;0.034;True;False;False
ChaunceyBillups_2006_DET;2006;5;0.344;True;False;False
EltonBrand_2006_LAC;2006;7;0.04;True;False;False
KobeBryant_2006_LAL;2006;4;0.386;True;True;False
TimDuncan_2006_SAS;2006;8;0.026;True;False;False
AllenIverson_2006_PHI;2006;10;0.001;True;False;False
LeBronJames_2006_CLE;2006;2;0.55;True;True;False
ShawnMarion_2006_PHO;2006;11;0.001;True;False;False
SteveNash_2006_PHO;2006;1;0.739;True;True;True
DirkNowitzki_2006_DAL;2006;3;0.435;True;True;False
TonyParker_2006_SAS;2006;9;0.007;True;False;False
DwyaneWade_2006_MIA;2006;6;0.07;True;False;False
CarmeloAnthony_2007_DEN;2007;15;0.001;True;False;False
GilbertArenas_2007_WAS;2007;8;0.024;True;False;False
ChaunceyBillups_2007_DET;2007;11;0.003;True;False;False
CarlosBoozer_2007_UTA;2007;9;0.005;True;False;False
ChrisBosh_2007_TOR;2007;7;0.033;True;False;False
KobeBryant_2007_LAL;2007;3;0.404;True;True;False
BaronDavis_2007_GSW;2007;16;0.001;True;False;False
TimDuncan_2007_SAS;2007;4;0.222;True;True;False
KevinGarnett_2007_MIN;2007;10;0.005;True;False;False
LeBronJames_2007_CLE;2007;5;0.142;True;False;False
TracyMcGrady_2007_HOU;2007;6;0.085;True;False;False
SteveNash_2007_PHO;2007;2;0.785;True;True;False
DirkNowitzki_2007_DAL;2007;1;0.882;True;True;True
ShaquilleO'Neal_2007_MIA;2007;12;0.002;True;False;False
TonyParker_2007_SAS;2007;17;0.001;True;False;False
Amar'eStoudemire_2007_PHO;2007;14;0.002;True;False;False
DwyaneWade_2007_MIA;2007;13;0.002;True;False;False
CarmeloAnthony_2008_DEN;2008;13;0.002;True;False;False
CarlosBoozer_2008_UTA;2008;14;0.001;True;False;False
KobeBryant_2008_LAL;2008;1;0.873;True;True;True
TimDuncan_2008_SAS;2008;7;0.02;True;False;False
KevinGarnett_2008_BOS;2008;3;0.532;True;True;False
ManuGinóbili_2008_SAS;2008;10;0.007;True;False;False
DwightHoward_2008_ORL;2008;5;0.048;True;False;False
LeBronJames_2008_CLE;2008;4;0.348;True;True;False
AntawnJamison_2008_WAS;2008;15;0.001;True;False;False
TracyMcGrady_2008_HOU;2008;8;0.015;True;False;False
SteveNash_2008_PHO;2008;9;0.014;True;False;False
DirkNowitzki_2008_DAL;2008;11;0.004;True;False;False
ChrisPaul_2008_NOH;2008;2;0.71;True;True;False
PaulPierce_2008_BOS;2008;16;0.001;True;False;False
Amar'eStoudemire_2008_PHO;2008;6;0.021;True;False;False
RasheedWallace_2008_DET;2008;17;0.001;True;False;False
DeronWilliams_2008_UTA;2008;12;0.003;True;False;False
ChaunceyBillups_2009_DET;2009;6;0.027;True;False;False
ChaunceyBillups_2009_DEN;2009;6;0.027;True;False;False
KobeBryant_2009_LAL;2009;2;0.577;True;True;False
TimDuncan_2009_SAS;2009;11;0.002;True;False;False
DwightHoward_2009_ORL;2009;4;0.271;True;True;False
LeBronJames_2009_CLE;2009;1;0.969;True;True;True
YaoMing_2009_HOU;2009;12;0.001;True;False;False
DirkNowitzki_2009_DAL;2009;10;0.002;True;False;False
TonyParker_2009_SAS;2009;8;0.007;True;False;False
ChrisPaul_2009_NOH;2009;5;0.159;True;False;False
PaulPierce_2009_BOS;2009;7;0.017;True;False;False
BrandonRoy_2009_POR;2009;9;0.006;True;False;False
DwyaneWade_2009_MIA;2009;3;0.562;True;True;False
CarmeloAnthony_2010_DEN;2010;6;0.053;True;False;False
ChaunceyBillups_2010_DEN;2010;12;0.001;True;False;False
ChrisBosh_2010_TOR;2010;13;0.001;True;False;False
KobeBryant_2010_LAL;2010;3;0.487;True;True;False
KevinDurant_2010_OKC;2010;2;0.495;True;True;False
ManuGinóbili_2010_SAS;2010;11;0.002;True;False;False
DwightHoward_2010_ORL;2010;4;0.389;True;True;False
StephenJackson_2010_GSW;2010;14;0.001;True;False;False
StephenJackson_2010_CHA;2010;14;0.001;True;False;False
LeBronJames_2010_CLE;2010;1;0.98;True;True;True
JoeJohnson_2010_ATL;2010;15;0.001;True;False;False
SteveNash_2010_PHO;2010;8;0.04;True;False;False
DirkNowitzki_2010_DAL;2010;7;0.045;True;False;False
Amar'eStoudemire_2010_PHO;2010;10;0.004;True;False;False
DwyaneWade_2010_MIA;2010;5;0.097;True;False;False
DeronWilliams_2010_UTA;2010;9;0.006;True;False;False
KobeBryant_2011_LAL;2011;4;0.354;True;True;False
KevinDurant_2011_OKC;2011;5;0.157;True;False;False
ManuGinóbili_2011_SAS;2011;8;0.017;True;False;False
BlakeGriffin_2011_LAC;2011;10;0.004;True;False;False
DwightHoward_2011_ORL;2011;2;0.531;True;True;False
LeBronJames_2011_MIA;2011;3;0.431;True;True;False
DirkNowitzki_2011_DAL;2011;6;0.093;True;False;False
TonyParker_2011_SAS;2011;12;0.002;True;False;False
ChrisPaul_2011_NOH;2011;13;0.002;True;False;False
RajonRondo_2011_BOS;2011;11;0.004;True;False;False
DerrickRose_2011_CHI;2011;1;0.977;True;True;True
Amar'eStoudemire_2011_NYK;2011;9;0.007;True;False;False
DwyaneWade_2011_MIA;2011;7;0.02;True;False;False
KobeBryant_2012_LAL;2012;4;0.291;True;True;False
TimDuncan_2012_SAS;2012;14;0.002;True;False;False
KevinDurant_2012_OKC;2012;2;0.735;True;True;False
DwightHoward_2012_ORL;2012;7;0.011;True;False;False
LeBronJames_2012_MIA;2012;1;0.888;True;True;True
JoeJohnson_2012_ATL;2012;15;0.001;True;False;False
KevinLove_2012_MIN;2012;6;0.048;True;False;False
SteveNash_2012_PHO;2012;9;0.006;True;False;False
DirkNowitzki_2012_DAL;2012;12;0.003;True;False;False
TonyParker_2012_SAS;2012;5;0.274;True;False;False
ChrisPaul_2012_LAC;2012;3;0.318;True;True;False
RajonRondo_2012_BOS;2012;8;0.01;True;False;False
DerrickRose_2012_CHI;2012;11;0.004;True;False;False
DwyaneWade_2012_MIA;2012;10;0.005;True;False;False
RussellWestbrook_2012_OKC;2012;13;0.003;True;False;False
CarmeloAnthony_2013_NYK;2013;3;0.393;True;True;False
KobeBryant_2013_LAL;2013;5;0.152;True;False;False
StephenCurry_2013_GSW;2013;11;0.002;True;False;False
TimDuncan_2013_SAS;2013;7;0.054;True;False;False
KevinDurant_2013_OKC;2013;2;0.632;True;True;False
KevinGarnett_2013_BOS;2013;12;0.001;True;False;False
MarcGasol_2013_MEM;2013;13;0.001;True;False;False
JamesHarden_2013_HOU;2013;8;0.027;True;False;False
LeBronJames_2013_MIA;2013;1;0.998;True;True;True
TyLawson_2013_DEN;2013;14;0.001;True;False;False
DavidLee_2013_GSW;2013;15;0.001;True;False;False
JoakimNoah_2013_CHI;2013;16;0.001;True;False;False
TonyParker_2013_SAS;2013;6;0.071;True;False;False
ChrisPaul_2013_LAC;2013;4;0.239;True;True;False
DwyaneWade_2013_MIA;2013;10;0.004;True;False;False
RussellWestbrook_2013_OKC;2013;9;0.007;True;False;False
LaMarcusAldridge_2014_POR;2014;10;0.021;True;False;False
CarmeloAnthony_2014_NYK;2014;15;0.003;True;False;False
MikeConley_2014_MEM;2014;17;0.001;True;False;False
StephenCurry_2014_GSW;2014;6;0.053;True;False;False
GoranDragić_2014_PHO;2014;16;0.002;True;False;False
TimDuncan_2014_SAS;2014;12;0.017;True;False;False
KevinDurant_2014_OKC;2014;1;0.986;True;True;True
PaulGeorge_2014_IND;2014;9;0.026;True;False;False
BlakeGriffin_2014_LAC;2014;3;0.347;True;True;False
JamesHarden_2014_HOU;2014;5;0.068;True;False;False
LeBronJames_2014_MIA;2014;2;0.713;True;True;False
AlJefferson_2014_CHA;2014;8;0.027;True;False;False
KevinLove_2014_MIN;2014;11;0.02;True;False;False
JoakimNoah_2014_CHI;2014;4;0.258;True;True;False
DirkNowitzki_2014_DAL;2014;14;0.006;True;False;False
TonyParker_2014_SAS;2014;13;0.017;True;False;False
ChrisPaul_2014_LAC;2014;7;0.036;True;False;False
LaMarcusAldridge_2015_POR;2015;7;0.005;True;False;False
StephenCurry_2015_GSW;2015;1;0.922;True;True;True
AnthonyDavis_2015_NOP;2015;5;0.156;True;False;False
TimDuncan_2015_SAS;2015;10;0.001;True;False;False
MarcGasol_2015_MEM;2015;8;0.002;True;False;False
BlakeGriffin_2015_LAC;2015;9;0.002;True;False;False
JamesHarden_2015_HOU;2015;2;0.72;True;True;False
LeBronJames_2015_CLE;2015;3;0.425;True;True;False
KawhiLeonard_2015_SAS;2015;11;0.001;True;False;False
ChrisPaul_2015_LAC;2015;6;0.095;True;False;False
KlayThompson_2015_GSW;2015;12;0.001;True;False;False
RussellWestbrook_2015_OKC;2015;4;0.271;True;True;False
StephenCurry_2016_GSW;2016;1;1.0;True;True;True
KevinDurant_2016_OKC;2016;5;0.112;True;False;False
DraymondGreen_2016_GSW;2016;7;0.038;True;False;False
JamesHarden_2016_HOU;2016;9;0.007;True;False;False
LeBronJames_2016_CLE;2016;3;0.482;True;True;False
KawhiLeonard_2016_SAS;2016;2;0.484;True;True;False
DamianLillard_2016_POR;2016;8;0.02;True;False;False
KyleLowry_2016_TOR;2016;10;0.005;True;False;False
ChrisPaul_2016_LAC;2016;6;0.082;True;False;False
RussellWestbrook_2016_OKC;2016;4;0.371;True;True;False
GiannisAntetokounmpo_2017_MIL;2017;7;0.007;True;False;False
StephenCurry_2017_GSW;2017;6;0.051;True;False;False
AnthonyDavis_2017_NOP;2017;9;0.002;True;False;False
DeMarDeRozan_2017_TOR;2017;11;0.001;True;False;False
KevinDurant_2017_GSW;2017;10;0.002;True;False;False
JamesHarden_2017_HOU;2017;2;0.746;True;True;False
LeBronJames_2017_CLE;2017;4;0.33;True;True;False
KawhiLeonard_2017_SAS;2017;3;0.495;True;True;False
IsaiahThomas_2017_BOS;2017;5;0.08;True;False;False
JohnWall_2017_WAS;2017;8;0.007;True;False;False
RussellWestbrook_2017_OKC;2017;1;0.879;True;True;True
LaMarcusAldridge_2018_SAS;2018;9;0.006;True;False;False
GiannisAntetokounmpo_2018_MIL;2018;6;0.074;True;False;False
JimmyButler_2018_MIN;2018;10;0.005;True;False;False
StephenCurry_2018_GSW;2018;11;0.005;True;False;False
AnthonyDavis_2018_NOP;2018;3;0.441;True;True;False
DeMarDeRozan_2018_TOR;2018;8;0.032;True;False;False
KevinDurant_2018_GSW;2018;7;0.065;True;False;False
JoelEmbiid_2018_PHI;2018;12;0.004;True;False;False
JamesHarden_2018_HOU;2018;1;0.955;True;True;True
LeBronJames_2018_CLE;2018;2;0.731;True;True;False
DamianLillard_2018_POR;2018;4;0.205;True;True;False
VictorOladipo_2018_IND;2018;13;0.002;True;False;False
RussellWestbrook_2018_OKC;2018;5;0.075;True;False;False
GiannisAntetokounmpo_2019_MIL;2019;1;0.932;True;True;True
StephenCurry_2019_GSW;2019;5;0.173;True;False;False
KevinDurant_2019_GSW;2019;8;0.025;True;False;False
JoelEmbiid_2019_PHI;2019;7;0.049;True;False;False
PaulGeorge_2019_OKC;2019;3;0.352;True;True;False
RudyGobert_2019_UTA;2019;11;0.001;True;False;False
JamesHarden_2019_HOU;2019;2;0.768;True;True;False
LeBronJames_2019_LAL;2019;12;0.001;True;False;False
NikolaJokić_2019_DEN;2019;4;0.21;True;True;False
KawhiLeonard_2019_TOR;2019;9;0.013;True;False;False
DamianLillard_2019_POR;2019;6;0.068;True;False;False
RussellWestbrook_2019_OKC;2019;10;0.008;True;False;False
GiannisAntetokounmpo_2020_MIL;2020;1;0.952;True;True;True
JimmyButler_2020_MIA;2020;11;0.009;True;False;False
AnthonyDavis_2020_LAL;2020;6;0.081;True;False;False
LukaDončić_2020_DAL;2020;4;0.198;True;True;False
JamesHarden_2020_HOU;2020;3;0.363;True;True;False
LeBronJames_2020_LAL;2020;2;0.746;True;True;False
NikolaJokić_2020_DEN;2020;9;0.018;True;False;False
KawhiLeonard_2020_LAC;2020;5;0.166;True;False;False
DamianLillard_2020_POR;2020;8;0.023;True;False;False
ChrisPaul_2020_OKC;2020;7;0.026;True;False;False
PascalSiakam_2020_TOR;2020;10;0.017;True;False;False
JaysonTatum_2020_BOS;2020;12;0.001;True;False;False
